scenario,description,delay_steps,time_step,initial_density_population,g_oct_stiffness,dephasing_gamma,numerical_tolerance,topology,geometry_scale,final_rho,final_distortion,peak_distortion,mean_distortion,peak_effective_source,mean_abs_source_gap,null_test_passed
baseline,Reference quantum delayed-memory configuration.,0,0.1,1.0,3.5,0.05,1e-09,octa,1.0,0.09652198484575852,0.1876994492927646,0.1876994492927646,0.18513287736549738,1.05,0.0,True
baseline,Reference quantum delayed-memory configuration.,1,0.1,1.0,3.5,0.05,1e-09,octa,1.0,0.09652198484575852,0.1876994492927646,0.1876994492927646,0.18513287736549738,1.05,0.0,True
baseline,Reference quantum delayed-memory configuration.,2,0.1,1.0,3.5,0.05,1e-09,octa,1.0,0.09619377366819486,0.18769895685524593,0.18769895685524593,0.18449125659110033,1.05,0.17497515323890847,True
baseline,Reference quantum delayed-memory configuration.,5,0.1,1.0,3.5,0.05,1e-09,octa,1.0,0.09595612129907048,0.18754716069835606,0.18754716069835606,0.18256947475972055,1.05,0.5534384727939602,True
time_step_low,Halved integration time step.,0,0.05,1.0,3.5,0.05,1e-09,octa,1.0,0.024759251104265204,0.1838863657930199,0.1838863657930199,0.18258734846039976,1.05,0.0,True
time_step_low,Halved integration time step.,1,0.05,1.0,3.5,0.05,1e-09,octa,1.0,0.024759251104265204,0.1838863657930199,0.1838863657930199,0.18258734846039976,1.05,0.0,True
time_step_low,Halved integration time step.,2,0.05,1.0,3.5,0.05,1e-09,octa,1.0,0.024717482989204217,0.18388611389005266,0.18388611389005266,0.18226348464431477,1.05,0.17497515323890847,True
time_step_low,Halved integration time step.,5,0.05,1.0,3.5,0.05,1e-09,octa,1.0,0.024687488596374603,0.1838084932921693,0.1838084932921693,0.1812934688870925,1.05,0.5534384727939602,True
time_step_high,Doubled integration time step.,0,0.2,1.0,3.5,0.05,1e-09,octa,1.0,0.34373805945216024,0.1951102748380386,0.1951102748380386,0.1901007981381907,1.05,0.0,True
time_step_high,Doubled integration time step.,1,0.2,1.0,3.5,0.05,1e-09,octa,1.0,0.34373805945216024,0.1951102748380386,0.1951102748380386,0.1901007981381907,1.05,0.0,True
time_step_high,Doubled integration time step.,2,0.2,1.0,3.5,0.05,1e-09,octa,1.0,0.34128581826360677,0.19510933415273116,0.19510933415273116,0.18884160856835414,1.05,0.17497515323890847,True
time_step_high,Doubled integration time step.,5,0.2,1.0,3.5,0.05,1e-09,octa,1.0,0.3394529577986245,0.19481914173334003,0.19481914173334003,0.18506992525338192,1.05,0.5534384727939602,True
initial_population_low,Lower initial matter-state population in the visible basis state.,0,0.1,0.25,3.5,0.05,1e-09,octa,1.0,-0.04826099242287926,0.1876994492927646,0.1876994492927646,0.18513287736549738,1.05,0.0,True
initial_population_low,Lower initial matter-state population in the visible basis state.,1,0.1,0.25,3.5,0.05,1e-09,octa,1.0,-0.04826099242287926,0.1876994492927646,0.1876994492927646,0.18513287736549738,1.05,0.0,True
initial_population_low,Lower initial matter-state population in the visible basis state.,2,0.1,0.25,3.5,0.05,1e-09,octa,1.0,-0.04809688683409741,0.18769895685524593,0.18769895685524593,0.18449125659110033,1.05,0.17497515323890847,True
initial_population_low,Lower initial matter-state population in the visible basis state.,5,0.1,0.25,3.5,0.05,1e-09,octa,1.0,-0.047978060649535234,0.18754716069835606,0.18754716069835606,0.18256947475972055,1.05,0.5534384727939602,True
initial_population_mid,Mixed initial matter-state population in the visible basis state.,0,0.1,0.5,3.5,0.05,1e-09,octa,1.0,0.0,0.1876994492927646,0.1876994492927646,0.18513287736549738,1.05,0.0,True
initial_population_mid,Mixed initial matter-state population in the visible basis state.,1,0.1,0.5,3.5,0.05,1e-09,octa,1.0,0.0,0.1876994492927646,0.1876994492927646,0.18513287736549738,1.05,0.0,True
initial_population_mid,Mixed initial matter-state population in the visible basis state.,2,0.1,0.5,3.5,0.05,1e-09,octa,1.0,0.0,0.18769895685524593,0.18769895685524593,0.18449125659110033,1.05,0.17497515323890847,True
initial_population_mid,Mixed initial matter-state population in the visible basis state.,5,0.1,0.5,3.5,0.05,1e-09,octa,1.0,0.0,0.18754716069835606,0.18754716069835606,0.18256947475972055,1.05,0.5534384727939602,True
feedback_low,Reduced backreaction stiffness.,0,0.1,1.0,1.5,0.05,1e-09,octa,1.0,0.09652198484554282,0.187699449289887,0.187699449289887,0.1851328773635737,0.44999999999999996,0.0,True
feedback_low,Reduced backreaction stiffness.,1,0.1,1.0,1.5,0.05,1e-09,octa,1.0,0.09652198484554282,0.187699449289887,0.187699449289887,0.1851328773635737,0.44999999999999996,0.0,True
feedback_low,Reduced backreaction stiffness.,2,0.1,1.0,1.5,0.05,1e-09,octa,1.0,0.09619377366810343,0.18769895685236854,0.18769895685236854,0.18449125658941645,0.44999999999999996,0.07498935138810363,True
feedback_low,Reduced backreaction stiffness.,5,0.1,1.0,1.5,0.05,1e-09,octa,1.0,0.09595612129906937,0.18754716069553387,0.18754716069553387,0.18256947475875493,0.44999999999999996,0.23718791691169724,True
feedback_high,Increased backreaction stiffness.,0,0.1,1.0,4.5,0.05,1e-09,octa,1.0,0.09652198484579451,0.1876994492932441,0.1876994492932441,0.18513287736581796,1.3499999999999999,0.0,True
feedback_high,Increased backreaction stiffness.,1,0.1,1.0,4.5,0.05,1e-09,octa,1.0,0.09652198484579451,0.1876994492932441,0.1876994492932441,0.18513287736581796,1.3499999999999999,0.0,True
feedback_high,Increased backreaction stiffness.,2,0.1,1.0,4.5,0.05,1e-09,octa,1.0,0.0961937736682101,0.18769895685572546,0.18769895685572546,0.18449125659138094,1.3499999999999999,0.22496805416431087,True
feedback_high,Increased backreaction stiffness.,5,0.1,1.0,4.5,0.05,1e-09,octa,1.0,0.09595612129907063,0.18754716069882638,0.18754716069882638,0.18256947475988144,1.3499999999999999,0.7115637507350917,True
dephasing_low,No dephasing channel.,0,0.1,1.0,3.5,0.0,1e-09,octa,1.0,0.09652198484575852,0.1876994492927646,0.1876994492927646,0.18513287736549738,1.05,0.0,True
dephasing_low,No dephasing channel.,1,0.1,1.0,3.5,0.0,1e-09,octa,1.0,0.09652198484575852,0.1876994492927646,0.1876994492927646,0.18513287736549738,1.05,0.0,True
dephasing_low,No dephasing channel.,2,0.1,1.0,3.5,0.0,1e-09,octa,1.0,0.09619377366819486,0.18769895685524593,0.18769895685524593,0.18449125659110033,1.05,0.17497515323890847,True
dephasing_low,No dephasing channel.,5,0.1,1.0,3.5,0.0,1e-09,octa,1.0,0.09595612129907048,0.18754716069835606,0.18754716069835606,0.18256947475972055,1.05,0.5534384727939602,True
dephasing_high,Enhanced dephasing channel.,0,0.1,1.0,3.5,0.15,1e-09,octa,1.0,0.09652198484575852,0.1876994492927646,0.1876994492927646,0.18513287736549738,1.05,0.0,True
dephasing_high,Enhanced dephasing channel.,1,0.1,1.0,3.5,0.15,1e-09,octa,1.0,0.09652198484575852,0.1876994492927646,0.1876994492927646,0.18513287736549738,1.05,0.0,True
dephasing_high,Enhanced dephasing channel.,2,0.1,1.0,3.5,0.15,1e-09,octa,1.0,0.09619377366819486,0.18769895685524593,0.18769895685524593,0.18449125659110033,1.05,0.17497515323890847,True
dephasing_high,Enhanced dephasing channel.,5,0.1,1.0,3.5,0.15,1e-09,octa,1.0,0.09595612129907048,0.18754716069835606,0.18754716069835606,0.18256947475972055,1.05,0.5534384727939602,True
tolerance_loose,Looser numerical tolerance.,0,0.1,1.0,3.5,0.05,1e-06,octa,1.0,0.09652198468415261,0.18769944713674047,0.18769944713674047,0.1851328759241899,1.05,0.0,True
tolerance_loose,Looser numerical tolerance.,1,0.1,1.0,3.5,0.05,1e-06,octa,1.0,0.09652198468415261,0.18769944713674047,0.18769944713674047,0.1851328759241899,1.05,0.0,True
tolerance_loose,Looser numerical tolerance.,2,0.1,1.0,3.5,0.05,1e-06,octa,1.0,0.09619377359972248,0.18769895469935596,0.18769895469935596,0.1844912553294615,1.05,0.17497515323890847,True
tolerance_loose,Looser numerical tolerance.,5,0.1,1.0,3.5,0.05,1e-06,octa,1.0,0.09595612129825877,0.1875471585838447,0.1875471585838447,0.18256947403624857,1.05,0.5534384727939602,True
tolerance_tight,Tighter numerical tolerance.,0,0.1,1.0,3.5,0.05,1e-12,octa,1.0,0.09652198484592013,0.18769944929492055,0.18769944929492055,0.18513287736693865,1.05,0.0,True
tolerance_tight,Tighter numerical tolerance.,1,0.1,1.0,3.5,0.05,1e-12,octa,1.0,0.09652198484592013,0.18769944929492055,0.18769944929492055,0.18513287736693865,1.05,0.0,True
tolerance_tight,Tighter numerical tolerance.,2,0.1,1.0,3.5,0.05,1e-12,octa,1.0,0.0961937736682633,0.1876989568574018,0.1876989568574018,0.18449125659236196,1.05,0.17497515323890847,True
tolerance_tight,Tighter numerical tolerance.,5,0.1,1.0,3.5,0.05,1e-12,octa,1.0,0.09595612129907126,0.18754716070047053,0.18754716070047053,0.182569474760444,1.05,0.5534384727939602,True
topology_ring,Ring graph topology with the same six-node size.,0,0.1,1.0,3.5,0.05,1e-09,ring_6,1.0,0.04815834737926689,0.1838863657930199,0.1838863657930199,0.18258734846039976,0.525,0.0,True
topology_ring,Ring graph topology with the same six-node size.,1,0.1,1.0,3.5,0.05,1e-09,ring_6,1.0,0.04815834737926689,0.1838863657930199,0.1838863657930199,0.18258734846039976,0.525,0.0,True
topology_ring,Ring graph topology with the same six-node size.,2,0.1,1.0,3.5,0.05,1e-09,ring_6,1.0,0.04807578665181184,0.18388611389005266,0.18388611389005266,0.18226348464431477,0.525,0.08748757661945424,True
topology_ring,Ring graph topology with the same six-node size.,5,0.1,1.0,3.5,0.05,1e-09,ring_6,1.0,0.04801606131857363,0.1838084932921693,0.1838084932921693,0.1812934688870925,0.525,0.2767192363969801,True
topology_chain,Chain graph topology with the same six-node size.,0,0.1,1.0,3.5,0.05,1e-09,chain_6,1.0,0.04011545291831557,0.1832437579237293,0.1832437579237293,0.1821590436673568,0.43750000000000006,0.0,True
topology_chain,Chain graph topology with the same six-node size.,1,0.1,1.0,3.5,0.05,1e-09,chain_6,1.0,0.04011545291831557,0.1832437579237293,0.1832437579237293,0.1821590436673568,0.43750000000000006,0.0,True
topology_chain,Chain graph topology with the same six-node size.,2,0.1,1.0,3.5,0.05,1e-09,chain_6,1.0,0.04005807235552523,0.18324354720630492,0.18324354720630492,0.18188873050704604,0.43750000000000006,0.07290631384954521,True
topology_chain,Chain graph topology with the same six-node size.,5,0.1,1.0,3.5,0.05,1e-09,chain_6,1.0,0.04001657094498783,0.1831786215275647,0.1831786215275647,0.18107910907961494,0.43750000000000006,0.23059936366415013,True
topology_star,Star graph topology with the same six-node size.,0,0.1,1.0,3.5,0.05,1e-09,star_6,1.0,0.04011545291831557,0.1832437579237293,0.1832437579237293,0.1821590436673568,0.43750000000000006,0.0,True
topology_star,Star graph topology with the same six-node size.,1,0.1,1.0,3.5,0.05,1e-09,star_6,1.0,0.04011545291831557,0.1832437579237293,0.1832437579237293,0.1821590436673568,0.43750000000000006,0.0,True
topology_star,Star graph topology with the same six-node size.,2,0.1,1.0,3.5,0.05,1e-09,star_6,1.0,0.04005807235552523,0.18324354720630492,0.18324354720630492,0.18188873050704604,0.43750000000000006,0.07290631384954521,True
topology_star,Star graph topology with the same six-node size.,5,0.1,1.0,3.5,0.05,1e-09,star_6,1.0,0.04001657094498783,0.1831786215275647,0.1831786215275647,0.18107910907961494,0.43750000000000006,0.23059936366415013,True
topology_complete,Complete graph topology with the same six-node size.,0,0.1,1.0,3.5,0.05,1e-09,complete_6,1.0,0.12075425992589464,0.18957886378731192,0.18957886378731192,0.1863901416271884,1.3125,0.0,True
topology_complete,Complete graph topology with the same six-node size.,1,0.1,1.0,3.5,0.05,1e-09,complete_6,1.0,0.12075425992589464,0.18957886378731192,0.18957886378731192,0.1863901416271884,1.3125,0.0,True
topology_complete,Complete graph topology with the same six-node size.,2,0.1,1.0,3.5,0.05,1e-09,complete_6,1.0,0.12024343704038912,0.18957825524458535,0.18957825524458535,0.18559190297824574,1.3125,0.21871894154863558,True
topology_complete,Complete graph topology with the same six-node size.,5,0.1,1.0,3.5,0.05,1e-09,complete_6,1.0,0.11987345071625594,0.18939063326617814,0.18939063326617814,0.18320099396739825,1.3125,0.6917980909924504,True
geometry_soft,Smaller initial octahedral register amplitudes.,0,0.1,1.0,3.5,0.05,1e-09,octa,0.5,0.04853655963590097,0.09703131526322717,0.09703131526322717,0.09468746238749967,1.05,0.0,True
geometry_soft,Smaller initial octahedral register amplitudes.,1,0.1,1.0,3.5,0.05,1e-09,octa,0.5,0.04853655963590097,0.09703131526322717,0.09703131526322717,0.09468746238749967,1.05,0.0,True
geometry_soft,Smaller initial octahedral register amplitudes.,2,0.1,1.0,3.5,0.05,1e-09,octa,0.5,0.04823585239031796,0.0970308655578899,0.0970308655578899,0.09410151944889741,1.05,0.17497515323890847,True
geometry_soft,Smaller initial octahedral register amplitudes.,5,0.1,1.0,3.5,0.05,1e-09,octa,0.5,0.04801795829173554,0.0968922417947797,0.0968922417947797,0.09234650380949685,1.05,0.5534384727939602,True
geometry_strong,Larger initial octahedral register amplitudes.,0,0.1,1.0,3.5,0.05,1e-09,octa,1.5,0.14435078720477476,0.27836758332230205,0.27836758332230205,0.2755782923434951,1.05,0.0,True
geometry_strong,Larger initial octahedral register amplitudes.,1,0.1,1.0,3.5,0.05,1e-09,octa,1.5,0.14435078720477476,0.27836758332230205,0.27836758332230205,0.2755782923434951,1.05,0.0,True
geometry_strong,Larger initial octahedral register amplitudes.,2,0.1,1.0,3.5,0.05,1e-09,octa,1.5,0.14399602779052342,0.27836704815260205,0.27836704815260205,0.27488099373330327,1.05,0.17497515323890847,True
geometry_strong,Larger initial octahedral register amplitudes.,5,0.1,1.0,3.5,0.05,1e-09,octa,1.5,0.1437394654832386,0.27820207960193244,0.27820207960193244,0.2727924457099442,1.05,0.5534384727939602,True
